{
  "_generated": "Generated by SweetTooth, do not edit",
  "description": "Shows a list of sound output and input devices (similar to gnome sound settings) in the status menu below the volume slider. Various active ports like HDMI , Speakers etc. of the same device are also displayed for selection",
  "name": "Sound Input & Output Device Chooser",
  "original-author": "GopI",
  "shell-version": [
    "3.18",
    "3.19",
    "3.20",
    "3.22",
    "3.24",
    "3.26",
    "3.28",
    "3.30",
    "3.32"
  ],
  "url": "https://github.com/kgshank/gse-sound-output-device-chooser",
  "uuid": "sound-output-device-chooser@kgshank.net",
  "version": "20"
}
